H-statistic,p-value,Result
8.497267141118321,0.0062524820671576295,Significant difference
