,Diameter,p-value,Result
0,125 µm,0.0009562803789113808,Not normal
1,25 µm,0.5141849146234612,Normal
